TransactionID,CustomerID,TransactionDate,Amount,Category,DayOfWeek,Month,Hour,PriceRange
0,2869,2023-01-01 00:00:00,242.74,Electronics,6,1,0,Medium
1,1424,2023-01-01 01:00:00,132.46,Clothing,6,1,1,Medium
2,1948,2023-01-01 02:00:00,66.99,Clothing,6,1,2,Low
3,3414,2023-01-01 03:00:00,412.16,Electronics,6,1,3,High
4,1436,2023-01-01 04:00:00,310.24,Groceries,6,1,4,High
5,3096,2023-01-01 05:00:00,212.23,Clothing,6,1,5,Medium
6,1834,2023-01-01 06:00:00,8.79,Electronics,6,1,6,Low
7,2440,2023-01-01 07:00:00,417.0,Electronics,6,1,7,High
8,3043,2023-01-01 08:00:00,324.04,Clothing,6,1,8,High
9,1377,2023-01-01 09:00:00,440.43,Groceries,6,1,9,High
10,3701,2023-01-01 10:00:00,118.5,Electronics,6,1,10,Medium
11,1631,2023-01-01 11:00:00,397.23,Groceries,6,1,11,High
12,3491,2023-01-01 12:00:00,225.1,Groceries,6,1,12,Medium
13,4805,2023-01-01 13:00:00,357.53,Groceries,6,1,13,High
14,2939,2023-01-01 14:00:00,153.29,Groceries,6,1,14,Medium
15,2723,2023-01-01 15:00:00,252.41,Clothing,6,1,15,Medium
16,2133,2023-01-01 16:00:00,432.58,Groceries,6,1,16,High
17,2478,2023-01-01 17:00:00,375.57,Groceries,6,1,17,High
18,1070,2023-01-01 18:00:00,395.75,Health,6,1,18,High
19,2653,2023-01-01 19:00:00,70.84,Health,6,1,19,Low
20,3294,2023-01-01 20:00:00,166.24,Clothing,6,1,20,Medium
21,3744,2023-01-01 21:00:00,367.24,Groceries,6,1,21,High
22,3549,2023-01-01 22:00:00,118.91,Groceries,6,1,22,Medium
23,1126,2023-01-01 23:00:00,243.5,Electronics,6,1,23,Medium
24,2523,2023-01-02 00:00:00,258.07,Health,0,1,0,Medium
25,1029,2023-01-02 01:00:00,31.11,Health,0,1,1,Low
26,3499,2023-01-02 02:00:00,45.36,Clothing,0,1,2,Low
27,3940,2023-01-02 03:00:00,142.36,Electronics,0,1,3,Medium
28,3562,2023-01-02 04:00:00,215.94,Electronics,0,1,4,Medium
29,1513,2023-01-02 05:00:00,220.63,Clothing,0,1,5,Medium
30,3120,2023-01-02 06:00:00,76.7,Groceries,0,1,6,Low
31,3469,2023-01-02 07:00:00,243.68,Clothing,0,1,7,Medium
32,2958,2023-01-02 08:00:00,60.96,Health,0,1,8,Low
33,1433,2023-01-02 09:00:00,310.95,Electronics,0,1,9,High
34,4776,2023-01-02 10:00:00,431.37,Electronics,0,1,10,High
35,1025,2023-01-02 11:00:00,436.5,Health,0,1,11,High
36,4185,2023-01-02 12:00:00,57.03,Clothing,0,1,12,Low
37,3288,2023-01-02 13:00:00,358.91,Electronics,0,1,13,High
38,2262,2023-01-02 14:00:00,452.82,Clothing,0,1,14,High
39,3699,2023-01-02 15:00:00,309.45,Groceries,0,1,15,High
40,4613,2023-01-02 16:00:00,101.53,Clothing,0,1,16,Medium
41,4548,2023-01-02 17:00:00,43.09,Clothing,0,1,17,Low
42,1295,2023-01-02 18:00:00,179.96,Electronics,0,1,18,Medium
43,4818,2023-01-02 19:00:00,240.85,Groceries,0,1,19,Medium
44,3893,2023-01-02 20:00:00,110.33,Groceries,0,1,20,Medium
45,2865,2023-01-02 21:00:00,37.46,Clothing,0,1,21,Low
46,2349,2023-01-02 22:00:00,230.16,Groceries,0,1,22,Medium
47,2887,2023-01-02 23:00:00,173.75,Electronics,0,1,23,Medium
48,2572,2023-01-03 00:00:00,458.57,Groceries,1,1,0,High
49,1682,2023-01-03 01:00:00,166.5,Health,1,1,1,Medium
50,1906,2023-01-03 02:00:00,84.69,Electronics,1,1,2,Low
51,2972,2023-01-03 03:00:00,236.3,Groceries,1,1,3,Medium
52,2565,2023-01-03 04:00:00,349.27,Electronics,1,1,4,High
53,3851,2023-01-03 05:00:00,81.77,Clothing,1,1,5,Low
54,3127,2023-01-03 06:00:00,326.93,Health,1,1,6,High
55,3668,2023-01-03 07:00:00,315.36,Clothing,1,1,7,High
56,3682,2023-01-03 08:00:00,418.02,Clothing,1,1,8,High
57,2667,2023-01-03 09:00:00,193.45,Health,1,1,9,Medium
58,2770,2023-01-03 10:00:00,270.72,Health,1,1,10,Medium
59,4069,2023-01-03 11:00:00,409.79,Groceries,1,1,11,High
60,2940,2023-01-03 12:00:00,308.05,Electronics,1,1,12,High
61,1493,2023-01-03 13:00:00,265.84,Clothing,1,1,13,Medium
62,1991,2023-01-03 14:00:00,258.2,Health,1,1,14,Medium
63,2754,2023-01-03 15:00:00,234.86,Electronics,1,1,15,Medium
64,2641,2023-01-03 16:00:00,203.18,Health,1,1,16,Medium
65,3877,2023-01-03 17:00:00,278.76,Groceries,1,1,17,Medium
66,3342,2023-01-03 18:00:00,76.28,Health,1,1,18,Low
67,3435,2023-01-03 19:00:00,356.9,Clothing,1,1,19,High
68,2572,2023-01-03 20:00:00,17.79,Health,1,1,20,Low
69,1551,2023-01-03 21:00:00,220.52,Health,1,1,21,Medium
70,3356,2023-01-03 22:00:00,150.85,Clothing,1,1,22,Medium
71,3846,2023-01-03 23:00:00,261.39,Health,1,1,23,Medium
72,1554,2023-01-04 00:00:00,146.02,Electronics,2,1,0,Medium
73,1756,2023-01-04 01:00:00,118.3,Health,2,1,1,Medium
74,1653,2023-01-04 02:00:00,321.5,Electronics,2,1,2,High
75,1281,2023-01-04 03:00:00,128.61,Health,2,1,3,Medium
76,3448,2023-01-04 04:00:00,384.21,Groceries,2,1,4,High
77,4952,2023-01-04 05:00:00,331.94,Health,2,1,5,High
78,2467,2023-01-04 06:00:00,67.29,Electronics,2,1,6,Low
79,2928,2023-01-04 07:00:00,490.08,Electronics,2,1,7,High
80,1090,2023-01-04 08:00:00,40.9,Clothing,2,1,8,Low
81,1781,2023-01-04 09:00:00,438.71,Clothing,2,1,9,High
82,2400,2023-01-04 10:00:00,483.87,Clothing,2,1,10,High
83,1576,2023-01-04 11:00:00,469.11,Groceries,2,1,11,High
84,4237,2023-01-04 12:00:00,350.98,Clothing,2,1,12,High
85,1657,2023-01-04 13:00:00,126.74,Groceries,2,1,13,Medium
86,3739,2023-01-04 14:00:00,224.64,Groceries,2,1,14,Medium
87,2698,2023-01-04 15:00:00,462.49,Health,2,1,15,High
88,3869,2023-01-04 16:00:00,248.49,Electronics,2,1,16,Medium
89,2608,2023-01-04 17:00:00,310.15,Health,2,1,17,High
90,4387,2023-01-04 18:00:00,43.82,Electronics,2,1,18,Low
91,1609,2023-01-04 19:00:00,61.53,Electronics,2,1,19,Low
92,3828,2023-01-04 20:00:00,93.47,Clothing,2,1,20,Low
93,3561,2023-01-04 21:00:00,345.49,Health,2,1,21,High
94,4675,2023-01-04 22:00:00,336.36,Electronics,2,1,22,High
95,2951,2023-01-04 23:00:00,164.64,Electronics,2,1,23,Medium
96,3601,2023-01-05 00:00:00,27.77,Groceries,3,1,0,Low
97,4174,2023-01-05 01:00:00,15.98,Electronics,3,1,1,Low
98,2027,2023-01-05 02:00:00,401.55,Clothing,3,1,2,High
99,2390,2023-01-05 03:00:00,316.88,Clothing,3,1,3,High
100,1545,2023-01-05 04:00:00,470.23,Electronics,3,1,4,High
101,2837,2023-01-05 05:00:00,446.45,Electronics,3,1,5,High
102,3344,2023-01-05 06:00:00,451.54,Clothing,3,1,6,High
103,1020,2023-01-05 07:00:00,183.58,Clothing,3,1,7,Medium
104,1509,2023-01-05 08:00:00,30.9,Groceries,3,1,8,Low
105,2415,2023-01-05 09:00:00,349.08,Electronics,3,1,9,High
106,3808,2023-01-05 10:00:00,369.85,Electronics,3,1,10,High
107,1493,2023-01-05 11:00:00,174.67,Clothing,3,1,11,Medium
108,2492,2023-01-05 12:00:00,321.7,Clothing,3,1,12,High
109,1528,2023-01-05 13:00:00,493.98,Groceries,3,1,13,High
110,3331,2023-01-05 14:00:00,481.23,Clothing,3,1,14,High
111,3446,2023-01-05 15:00:00,190.99,Health,3,1,15,Medium
112,4669,2023-01-05 16:00:00,188.38,Clothing,3,1,16,Medium
113,1710,2023-01-05 17:00:00,393.36,Health,3,1,17,High
114,4881,2023-01-05 18:00:00,295.16,Clothing,3,1,18,Medium
115,1352,2023-01-05 19:00:00,194.67,Groceries,3,1,19,Medium
116,1306,2023-01-05 20:00:00,340.69,Clothing,3,1,20,High
117,2507,2023-01-05 21:00:00,150.44,Health,3,1,21,Medium
118,2387,2023-01-05 22:00:00,18.55,Clothing,3,1,22,Low
119,2527,2023-01-05 23:00:00,463.1,Clothing,3,1,23,High
120,4339,2023-01-06 00:00:00,84.99,Groceries,4,1,0,Low
121,2948,2023-01-06 01:00:00,357.16,Clothing,4,1,1,High
122,2236,2023-01-06 02:00:00,143.88,Electronics,4,1,2,Medium
123,4713,2023-01-06 03:00:00,155.54,Groceries,4,1,3,Medium
124,1648,2023-01-06 04:00:00,317.01,Health,4,1,4,High
125,1944,2023-01-06 05:00:00,239.19,Groceries,4,1,5,Medium
126,4817,2023-01-06 06:00:00,373.43,Clothing,4,1,6,High
127,3782,2023-01-06 07:00:00,499.24,Electronics,4,1,7,High
128,4228,2023-01-06 08:00:00,474.67,Health,4,1,8,High
129,3237,2023-01-06 09:00:00,305.79,Electronics,4,1,9,High
130,1467,2023-01-06 10:00:00,89.84,Health,4,1,10,Low
131,1797,2023-01-06 11:00:00,359.78,Groceries,4,1,11,High
132,4074,2023-01-06 12:00:00,182.07,Groceries,4,1,12,Medium
133,3471,2023-01-06 13:00:00,226.31,Health,4,1,13,Medium
134,4981,2023-01-06 14:00:00,429.78,Health,4,1,14,High
135,4381,2023-01-06 15:00:00,350.55,Health,4,1,15,High
136,2306,2023-01-06 16:00:00,340.14,Groceries,4,1,16,High
137,2241,2023-01-06 17:00:00,422.07,Health,4,1,17,High
138,1964,2023-01-06 18:00:00,102.39,Clothing,4,1,18,Medium
139,2463,2023-01-06 19:00:00,54.81,Groceries,4,1,19,Low
140,1758,2023-01-06 20:00:00,76.17,Groceries,4,1,20,Low
141,1729,2023-01-06 21:00:00,112.11,Groceries,4,1,21,Medium
142,1559,2023-01-06 22:00:00,485.61,Groceries,4,1,22,High
143,1535,2023-01-06 23:00:00,365.49,Health,4,1,23,High
144,3382,2023-01-07 00:00:00,225.55,Clothing,5,1,0,Medium
145,1429,2023-01-07 01:00:00,346.63,Clothing,5,1,1,High
146,1149,2023-01-07 02:00:00,420.65,Clothing,5,1,2,High
147,3062,2023-01-07 03:00:00,79.28,Health,5,1,3,Low
148,1576,2023-01-07 04:00:00,304.32,Clothing,5,1,4,High
149,3039,2023-01-07 05:00:00,134.57,Health,5,1,5,Medium
150,2689,2023-01-07 06:00:00,463.64,Health,5,1,6,High
151,4305,2023-01-07 07:00:00,187.82,Groceries,5,1,7,Medium
152,4351,2023-01-07 08:00:00,83.27,Electronics,5,1,8,Low
153,2939,2023-01-07 09:00:00,219.02,Clothing,5,1,9,Medium
154,2500,2023-01-07 10:00:00,280.37,Health,5,1,10,Medium
155,2541,2023-01-07 11:00:00,366.28,Clothing,5,1,11,High
156,3816,2023-01-07 12:00:00,232.48,Groceries,5,1,12,Medium
157,1195,2023-01-07 13:00:00,465.14,Health,5,1,13,High
158,2831,2023-01-07 14:00:00,164.93,Health,5,1,14,Medium
159,3061,2023-01-07 15:00:00,489.45,Electronics,5,1,15,High
160,3525,2023-01-07 16:00:00,373.17,Clothing,5,1,16,High
161,1558,2023-01-07 17:00:00,378.28,Electronics,5,1,17,High
162,4811,2023-01-07 18:00:00,97.29,Clothing,5,1,18,Low
163,4614,2023-01-07 19:00:00,220.98,Electronics,5,1,19,Medium
164,1926,2023-01-07 20:00:00,398.86,Health,5,1,20,High
165,1529,2023-01-07 21:00:00,103.7,Health,5,1,21,Medium
166,3780,2023-01-07 22:00:00,129.73,Clothing,5,1,22,Medium
167,3076,2023-01-07 23:00:00,101.77,Electronics,5,1,23,Medium
168,4682,2023-01-08 00:00:00,320.73,Groceries,6,1,0,High
169,4509,2023-01-08 01:00:00,76.78,Electronics,6,1,1,Low
170,1115,2023-01-08 02:00:00,205.43,Clothing,6,1,2,Medium
171,2018,2023-01-08 03:00:00,223.7,Health,6,1,3,Medium
172,2483,2023-01-08 04:00:00,85.36,Health,6,1,4,Low
173,4091,2023-01-08 05:00:00,162.01,Groceries,6,1,5,Medium
174,3948,2023-01-08 06:00:00,317.2,Groceries,6,1,6,High
175,1211,2023-01-08 07:00:00,256.4,Clothing,6,1,7,Medium
176,2405,2023-01-08 08:00:00,250.0,Health,6,1,8,Medium
177,3718,2023-01-08 09:00:00,497.96,Clothing,6,1,9,High
178,3475,2023-01-08 10:00:00,473.16,Clothing,6,1,10,High
179,2860,2023-01-08 11:00:00,65.7,Clothing,6,1,11,Low
180,3491,2023-01-08 12:00:00,282.6,Electronics,6,1,12,Medium
181,2677,2023-01-08 13:00:00,284.21,Health,6,1,13,Medium
182,4881,2023-01-08 14:00:00,51.5,Electronics,6,1,14,Low
183,1366,2023-01-08 15:00:00,404.72,Electronics,6,1,15,High
184,3982,2023-01-08 16:00:00,14.49,Clothing,6,1,16,Low
185,2147,2023-01-08 17:00:00,298.59,Electronics,6,1,17,Medium
186,3287,2023-01-08 18:00:00,479.36,Health,6,1,18,High
187,2357,2023-01-08 19:00:00,351.55,Health,6,1,19,High
188,3402,2023-01-08 20:00:00,288.49,Electronics,6,1,20,Medium
189,3189,2023-01-08 21:00:00,498.75,Groceries,6,1,21,High
190,3710,2023-01-08 22:00:00,151.38,Electronics,6,1,22,Medium
191,3833,2023-01-08 23:00:00,85.27,Health,6,1,23,Low
192,4632,2023-01-09 00:00:00,407.72,Clothing,0,1,0,High
193,4044,2023-01-09 01:00:00,133.52,Electronics,0,1,1,Medium
194,2541,2023-01-09 02:00:00,263.26,Electronics,0,1,2,Medium
195,1153,2023-01-09 03:00:00,83.74,Health,0,1,3,Low
196,4220,2023-01-09 04:00:00,198.76,Clothing,0,1,4,Medium
197,3438,2023-01-09 05:00:00,147.19,Electronics,0,1,5,Medium
198,2515,2023-01-09 06:00:00,182.6,Electronics,0,1,6,Medium
199,2470,2023-01-09 07:00:00,68.26,Electronics,0,1,7,Low
200,1597,2023-01-09 08:00:00,267.65,Groceries,0,1,8,Medium
201,3926,2023-01-09 09:00:00,58.56,Groceries,0,1,9,Low
202,2178,2023-01-09 10:00:00,263.34,Clothing,0,1,10,Medium
203,3488,2023-01-09 11:00:00,494.45,Electronics,0,1,11,High
204,2094,2023-01-09 12:00:00,60.64,Health,0,1,12,Low
205,1587,2023-01-09 13:00:00,243.66,Electronics,0,1,13,Medium
206,3907,2023-01-09 14:00:00,149.93,Groceries,0,1,14,Medium
207,3436,2023-01-09 15:00:00,142.55,Clothing,0,1,15,Medium
208,2894,2023-01-09 16:00:00,84.62,Clothing,0,1,16,Low
209,4115,2023-01-09 17:00:00,384.35,Groceries,0,1,17,High
210,2961,2023-01-09 18:00:00,117.55,Clothing,0,1,18,Medium
211,2999,2023-01-09 19:00:00,461.94,Health,0,1,19,High
212,3040,2023-01-09 20:00:00,428.89,Clothing,0,1,20,High
213,4985,2023-01-09 21:00:00,483.63,Groceries,0,1,21,High
214,3492,2023-01-09 22:00:00,214.89,Electronics,0,1,22,Medium
215,4936,2023-01-09 23:00:00,355.86,Health,0,1,23,High
216,3683,2023-01-10 00:00:00,71.3,Electronics,1,1,0,Low
217,2989,2023-01-10 01:00:00,177.6,Electronics,1,1,1,Medium
218,4065,2023-01-10 02:00:00,152.11,Groceries,1,1,2,Medium
219,1910,2023-01-10 03:00:00,453.13,Electronics,1,1,3,High
220,2517,2023-01-10 04:00:00,36.9,Clothing,1,1,4,Low
221,1536,2023-01-10 05:00:00,377.93,Groceries,1,1,5,High
222,3685,2023-01-10 06:00:00,47.88,Clothing,1,1,6,Low
223,3716,2023-01-10 07:00:00,299.18,Groceries,1,1,7,Medium
224,1741,2023-01-10 08:00:00,388.94,Groceries,1,1,8,High
225,2021,2023-01-10 09:00:00,9.78,Groceries,1,1,9,Low
226,1947,2023-01-10 10:00:00,87.28,Clothing,1,1,10,Low
227,2584,2023-01-10 11:00:00,229.21,Electronics,1,1,11,Medium
228,3408,2023-01-10 12:00:00,492.8,Clothing,1,1,12,High
229,2978,2023-01-10 13:00:00,63.49,Health,1,1,13,Low
230,4310,2023-01-10 14:00:00,187.35,Electronics,1,1,14,Medium
231,3667,2023-01-10 15:00:00,255.8,Health,1,1,15,Medium
232,1120,2023-01-10 16:00:00,56.94,Health,1,1,16,Low
233,2067,2023-01-10 17:00:00,100.46,Health,1,1,17,Medium
234,2822,2023-01-10 18:00:00,73.74,Clothing,1,1,18,Low
235,1977,2023-01-10 19:00:00,418.0,Health,1,1,19,High
236,4149,2023-01-10 20:00:00,460.9,Groceries,1,1,20,High
237,2717,2023-01-10 21:00:00,349.53,Electronics,1,1,21,High
238,4070,2023-01-10 22:00:00,368.64,Clothing,1,1,22,High
239,3606,2023-01-10 23:00:00,25.69,Health,1,1,23,Low
240,3655,2023-01-11 00:00:00,399.44,Electronics,2,1,0,High
241,1992,2023-01-11 01:00:00,246.8,Electronics,2,1,1,Medium
242,4981,2023-01-11 02:00:00,443.62,Electronics,2,1,2,High
243,2014,2023-01-11 03:00:00,328.1,Clothing,2,1,3,High
244,3788,2023-01-11 04:00:00,494.78,Electronics,2,1,4,High
245,2880,2023-01-11 05:00:00,383.82,Groceries,2,1,5,High
246,1240,2023-01-11 06:00:00,452.94,Electronics,2,1,6,High
247,3166,2023-01-11 07:00:00,92.04,Clothing,2,1,7,Low
248,4287,2023-01-11 08:00:00,34.71,Clothing,2,1,8,Low
249,3502,2023-01-11 09:00:00,474.82,Electronics,2,1,9,High
250,1988,2023-01-11 10:00:00,327.85,Health,2,1,10,High
251,3971,2023-01-11 11:00:00,382.53,Groceries,2,1,11,High
252,2269,2023-01-11 12:00:00,477.82,Health,2,1,12,High
253,4081,2023-01-11 13:00:00,381.52,Health,2,1,13,High
254,3457,2023-01-11 14:00:00,151.33,Groceries,2,1,14,Medium
255,4747,2023-01-11 15:00:00,178.93,Groceries,2,1,15,Medium
256,1480,2023-01-11 16:00:00,353.25,Clothing,2,1,16,High
257,4737,2023-01-11 17:00:00,371.56,Health,2,1,17,High
258,2497,2023-01-11 18:00:00,326.64,Groceries,2,1,18,High
259,1439,2023-01-11 19:00:00,375.68,Groceries,2,1,19,High
260,3472,2023-01-11 20:00:00,251.45,Electronics,2,1,20,Medium
261,4353,2023-01-11 21:00:00,272.79,Health,2,1,21,Medium
262,1279,2023-01-11 22:00:00,113.66,Groceries,2,1,22,Medium
263,2817,2023-01-11 23:00:00,324.58,Clothing,2,1,23,High
264,1437,2023-01-12 00:00:00,230.14,Clothing,3,1,0,Medium
265,2553,2023-01-12 01:00:00,479.38,Health,3,1,1,High
266,1374,2023-01-12 02:00:00,298.63,Health,3,1,2,Medium
267,3889,2023-01-12 03:00:00,303.41,Groceries,3,1,3,High
268,4021,2023-01-12 04:00:00,13.81,Health,3,1,4,Low
269,2736,2023-01-12 05:00:00,96.04,Health,3,1,5,Low
270,2687,2023-01-12 06:00:00,410.27,Clothing,3,1,6,High
271,2470,2023-01-12 07:00:00,92.04,Electronics,3,1,7,Low
272,3087,2023-01-12 08:00:00,13.15,Clothing,3,1,8,Low
273,1070,2023-01-12 09:00:00,439.65,Groceries,3,1,9,High
274,2418,2023-01-12 10:00:00,367.32,Clothing,3,1,10,High
275,1739,2023-01-12 11:00:00,238.95,Clothing,3,1,11,Medium
276,2054,2023-01-12 12:00:00,155.77,Groceries,3,1,12,Medium
277,4953,2023-01-12 13:00:00,207.15,Electronics,3,1,13,Medium
278,2195,2023-01-12 14:00:00,377.39,Groceries,3,1,14,High
279,4019,2023-01-12 15:00:00,494.14,Clothing,3,1,15,High
280,3253,2023-01-12 16:00:00,100.27,Groceries,3,1,16,Medium
281,4584,2023-01-12 17:00:00,116.75,Groceries,3,1,17,Medium
282,2568,2023-01-12 18:00:00,91.37,Health,3,1,18,Low
283,2033,2023-01-12 19:00:00,366.68,Clothing,3,1,19,High
284,1754,2023-01-12 20:00:00,411.59,Electronics,3,1,20,High
285,2168,2023-01-12 21:00:00,378.9,Electronics,3,1,21,High
286,3807,2023-01-12 22:00:00,111.37,Clothing,3,1,22,Medium
287,4479,2023-01-12 23:00:00,87.76,Electronics,3,1,23,Low
288,1683,2023-01-13 00:00:00,166.49,Clothing,4,1,0,Medium
289,2800,2023-01-13 01:00:00,357.36,Groceries,4,1,1,High
290,3516,2023-01-13 02:00:00,115.63,Clothing,4,1,2,Medium
291,4009,2023-01-13 03:00:00,21.42,Groceries,4,1,3,Low
292,1267,2023-01-13 04:00:00,389.25,Electronics,4,1,4,High
293,2341,2023-01-13 05:00:00,249.12,Health,4,1,5,Medium
294,4672,2023-01-13 06:00:00,397.28,Clothing,4,1,6,High
295,3529,2023-01-13 07:00:00,316.54,Health,4,1,7,High
296,3249,2023-01-13 08:00:00,29.36,Health,4,1,8,Low
297,1030,2023-01-13 09:00:00,92.37,Groceries,4,1,9,Low
298,3884,2023-01-13 10:00:00,382.49,Electronics,4,1,10,High
299,1091,2023-01-13 11:00:00,320.63,Clothing,4,1,11,High
300,1414,2023-01-13 12:00:00,466.07,Clothing,4,1,12,High
301,3925,2023-01-13 13:00:00,201.9,Clothing,4,1,13,Medium
302,3151,2023-01-13 14:00:00,127.36,Health,4,1,14,Medium
303,3511,2023-01-13 15:00:00,325.89,Groceries,4,1,15,High
304,4298,2023-01-13 16:00:00,403.84,Electronics,4,1,16,High
305,3276,2023-01-13 17:00:00,61.21,Health,4,1,17,Low
306,4209,2023-01-13 18:00:00,217.2,Groceries,4,1,18,Medium
307,4260,2023-01-13 19:00:00,73.8,Groceries,4,1,19,Low
308,1098,2023-01-13 20:00:00,335.08,Clothing,4,1,20,High
309,1398,2023-01-13 21:00:00,362.36,Groceries,4,1,21,High
310,4895,2023-01-13 22:00:00,366.89,Electronics,4,1,22,High
311,2262,2023-01-13 23:00:00,279.2,Clothing,4,1,23,Medium
312,1814,2023-01-14 00:00:00,109.0,Groceries,5,1,0,Medium
313,1392,2023-01-14 01:00:00,324.98,Health,5,1,1,High
314,3640,2023-01-14 02:00:00,324.41,Groceries,5,1,2,High
315,1852,2023-01-14 03:00:00,44.57,Electronics,5,1,3,Low
316,4095,2023-01-14 04:00:00,340.96,Clothing,5,1,4,High
317,4867,2023-01-14 05:00:00,87.11,Health,5,1,5,Low
318,4493,2023-01-14 06:00:00,93.29,Clothing,5,1,6,Low
319,3744,2023-01-14 07:00:00,23.52,Electronics,5,1,7,Low
320,3574,2023-01-14 08:00:00,245.61,Health,5,1,8,Medium
321,3806,2023-01-14 09:00:00,306.11,Clothing,5,1,9,High
322,2953,2023-01-14 10:00:00,303.01,Electronics,5,1,10,High
323,3505,2023-01-14 11:00:00,296.56,Groceries,5,1,11,Medium
324,2572,2023-01-14 12:00:00,366.65,Electronics,5,1,12,High
325,1799,2023-01-14 13:00:00,351.66,Groceries,5,1,13,High
326,3336,2023-01-14 14:00:00,205.99,Health,5,1,14,Medium
327,2920,2023-01-14 15:00:00,463.8,Health,5,1,15,High
328,3898,2023-01-14 16:00:00,242.99,Groceries,5,1,16,Medium
329,4980,2023-01-14 17:00:00,223.21,Electronics,5,1,17,Medium
330,2179,2023-01-14 18:00:00,112.2,Health,5,1,18,Medium
331,3489,2023-01-14 19:00:00,74.46,Electronics,5,1,19,Low
332,3892,2023-01-14 20:00:00,59.42,Electronics,5,1,20,Low
333,1773,2023-01-14 21:00:00,206.84,Electronics,5,1,21,Medium
334,4626,2023-01-14 22:00:00,295.8,Electronics,5,1,22,Medium
335,4736,2023-01-14 23:00:00,34.1,Clothing,5,1,23,Low
336,3215,2023-01-15 00:00:00,244.9,Groceries,6,1,0,Medium
337,4749,2023-01-15 01:00:00,234.28,Health,6,1,1,Medium
338,3805,2023-01-15 02:00:00,348.86,Groceries,6,1,2,High
339,3766,2023-01-15 03:00:00,11.24,Groceries,6,1,3,Low
340,3006,2023-01-15 04:00:00,443.59,Electronics,6,1,4,High
341,1356,2023-01-15 05:00:00,470.15,Health,6,1,5,High
342,1941,2023-01-15 06:00:00,229.24,Clothing,6,1,6,Medium
343,2312,2023-01-15 07:00:00,7.51,Groceries,6,1,7,Low
344,2907,2023-01-15 08:00:00,414.77,Groceries,6,1,8,High
345,4041,2023-01-15 09:00:00,131.69,Health,6,1,9,Medium
346,2055,2023-01-15 10:00:00,353.18,Clothing,6,1,10,High
347,4815,2023-01-15 11:00:00,172.03,Electronics,6,1,11,Medium
348,4868,2023-01-15 12:00:00,424.85,Health,6,1,12,High
349,3194,2023-01-15 13:00:00,366.76,Electronics,6,1,13,High
350,2212,2023-01-15 14:00:00,104.86,Health,6,1,14,Medium
351,4734,2023-01-15 15:00:00,352.45,Electronics,6,1,15,High
352,3336,2023-01-15 16:00:00,262.54,Electronics,6,1,16,Medium
353,2603,2023-01-15 17:00:00,199.19,Clothing,6,1,17,Medium
354,4250,2023-01-15 18:00:00,29.94,Clothing,6,1,18,Low
355,3119,2023-01-15 19:00:00,356.28,Electronics,6,1,19,High
356,1038,2023-01-15 20:00:00,231.11,Clothing,6,1,20,Medium
357,1955,2023-01-15 21:00:00,411.37,Health,6,1,21,High
358,4919,2023-01-15 22:00:00,173.47,Groceries,6,1,22,Medium
359,2400,2023-01-15 23:00:00,19.74,Groceries,6,1,23,Low
360,3603,2023-01-16 00:00:00,469.83,Health,0,1,0,High
361,2552,2023-01-16 01:00:00,34.02,Electronics,0,1,1,Low
362,4115,2023-01-16 02:00:00,447.48,Clothing,0,1,2,High
363,3240,2023-01-16 03:00:00,413.96,Groceries,0,1,3,High
364,2227,2023-01-16 04:00:00,172.16,Health,0,1,4,Medium
365,4164,2023-01-16 05:00:00,407.83,Health,0,1,5,High
366,2066,2023-01-16 06:00:00,47.8,Clothing,0,1,6,Low
367,1621,2023-01-16 07:00:00,142.14,Electronics,0,1,7,Medium
368,2270,2023-01-16 08:00:00,431.05,Clothing,0,1,8,High
369,3495,2023-01-16 09:00:00,167.84,Electronics,0,1,9,Medium
370,2086,2023-01-16 10:00:00,31.48,Clothing,0,1,10,Low
371,3638,2023-01-16 11:00:00,423.25,Electronics,0,1,11,High
372,2983,2023-01-16 12:00:00,55.8,Electronics,0,1,12,Low
373,1180,2023-01-16 13:00:00,327.17,Health,0,1,13,High
374,4154,2023-01-16 14:00:00,151.2,Clothing,0,1,14,Medium
375,1639,2023-01-16 15:00:00,464.33,Groceries,0,1,15,High
376,1140,2023-01-16 16:00:00,81.01,Groceries,0,1,16,Low
377,1575,2023-01-16 17:00:00,300.24,Clothing,0,1,17,High
378,3415,2023-01-16 18:00:00,263.5,Electronics,0,1,18,Medium
379,3117,2023-01-16 19:00:00,396.8,Electronics,0,1,19,High
380,1918,2023-01-16 20:00:00,120.7,Electronics,0,1,20,Medium
381,2838,2023-01-16 21:00:00,111.07,Health,0,1,21,Medium
382,1791,2023-01-16 22:00:00,163.25,Electronics,0,1,22,Medium
383,2899,2023-01-16 23:00:00,498.48,Electronics,0,1,23,High
384,2761,2023-01-17 00:00:00,20.03,Clothing,1,1,0,Low
385,4042,2023-01-17 01:00:00,59.31,Clothing,1,1,1,Low
386,3638,2023-01-17 02:00:00,395.73,Groceries,1,1,2,High
387,3056,2023-01-17 03:00:00,459.82,Clothing,1,1,3,High
388,2452,2023-01-17 04:00:00,426.96,Health,1,1,4,High
389,4681,2023-01-17 05:00:00,164.44,Clothing,1,1,5,Medium
390,2054,2023-01-17 06:00:00,243.78,Groceries,1,1,6,Medium
391,3723,2023-01-17 07:00:00,28.54,Electronics,1,1,7,Low
392,1958,2023-01-17 08:00:00,47.33,Health,1,1,8,Low
393,2946,2023-01-17 09:00:00,133.45,Electronics,1,1,9,Medium
394,4413,2023-01-17 10:00:00,456.37,Health,1,1,10,High
395,4539,2023-01-17 11:00:00,223.39,Groceries,1,1,11,Medium
396,3491,2023-01-17 12:00:00,498.31,Clothing,1,1,12,High
397,2536,2023-01-17 13:00:00,252.09,Groceries,1,1,13,Medium
398,1348,2023-01-17 14:00:00,97.39,Electronics,1,1,14,Low
399,2092,2023-01-17 15:00:00,357.39,Groceries,1,1,15,High
400,3321,2023-01-17 16:00:00,331.24,Electronics,1,1,16,High
401,3373,2023-01-17 17:00:00,348.84,Electronics,1,1,17,High
402,2307,2023-01-17 18:00:00,206.98,Electronics,1,1,18,Medium
403,3931,2023-01-17 19:00:00,474.25,Clothing,1,1,19,High
404,2280,2023-01-17 20:00:00,349.24,Electronics,1,1,20,High
405,4831,2023-01-17 21:00:00,82.63,Health,1,1,21,Low
406,1239,2023-01-17 22:00:00,138.14,Groceries,1,1,22,Medium
407,2030,2023-01-17 23:00:00,130.66,Electronics,1,1,23,Medium
408,4409,2023-01-18 00:00:00,275.04,Groceries,2,1,0,Medium
409,4140,2023-01-18 01:00:00,406.91,Health,2,1,1,High
410,1761,2023-01-18 02:00:00,305.52,Health,2,1,2,High
411,3356,2023-01-18 03:00:00,36.26,Electronics,2,1,3,Low
412,4939,2023-01-18 04:00:00,8.64,Groceries,2,1,4,Low
413,3359,2023-01-18 05:00:00,425.78,Clothing,2,1,5,High
414,4318,2023-01-18 06:00:00,333.08,Health,2,1,6,High
415,2662,2023-01-18 07:00:00,407.07,Electronics,2,1,7,High
416,4014,2023-01-18 08:00:00,145.18,Health,2,1,8,Medium
417,4345,2023-01-18 09:00:00,118.94,Electronics,2,1,9,Medium
418,1168,2023-01-18 10:00:00,43.99,Clothing,2,1,10,Low
419,3622,2023-01-18 11:00:00,133.86,Health,2,1,11,Medium
420,4790,2023-01-18 12:00:00,217.14,Health,2,1,12,Medium
421,2702,2023-01-18 13:00:00,339.23,Groceries,2,1,13,High
422,1908,2023-01-18 14:00:00,228.31,Health,2,1,14,Medium
423,2610,2023-01-18 15:00:00,213.24,Groceries,2,1,15,Medium
424,2749,2023-01-18 16:00:00,392.29,Health,2,1,16,High
425,4204,2023-01-18 17:00:00,383.27,Health,2,1,17,High
426,3058,2023-01-18 18:00:00,52.77,Health,2,1,18,Low
427,1694,2023-01-18 19:00:00,345.8,Electronics,2,1,19,High
428,4971,2023-01-18 20:00:00,116.3,Health,2,1,20,Medium
429,3476,2023-01-18 21:00:00,81.74,Groceries,2,1,21,Low
430,4955,2023-01-18 22:00:00,24.86,Electronics,2,1,22,Low
431,2219,2023-01-18 23:00:00,424.34,Electronics,2,1,23,High
432,1915,2023-01-19 00:00:00,475.82,Health,3,1,0,High
433,1595,2023-01-19 01:00:00,424.89,Health,3,1,1,High
434,1125,2023-01-19 02:00:00,447.27,Clothing,3,1,2,High
435,3693,2023-01-19 03:00:00,240.27,Electronics,3,1,3,Medium
436,4920,2023-01-19 04:00:00,58.45,Health,3,1,4,Low
437,3494,2023-01-19 05:00:00,224.69,Groceries,3,1,5,Medium
438,2567,2023-01-19 06:00:00,368.85,Electronics,3,1,6,High
439,4448,2023-01-19 07:00:00,485.87,Electronics,3,1,7,High
440,2440,2023-01-19 08:00:00,438.97,Electronics,3,1,8,High
441,1053,2023-01-19 09:00:00,44.22,Health,3,1,9,Low
442,2825,2023-01-19 10:00:00,17.88,Electronics,3,1,10,Low
443,2371,2023-01-19 11:00:00,202.47,Clothing,3,1,11,Medium
444,4155,2023-01-19 12:00:00,243.75,Health,3,1,12,Medium
445,2066,2023-01-19 13:00:00,204.63,Electronics,3,1,13,Medium
446,1215,2023-01-19 14:00:00,353.05,Electronics,3,1,14,High
447,4746,2023-01-19 15:00:00,205.45,Clothing,3,1,15,Medium
448,1635,2023-01-19 16:00:00,31.86,Health,3,1,16,Low
449,4788,2023-01-19 17:00:00,204.07,Health,3,1,17,Medium
450,3772,2023-01-19 18:00:00,303.58,Groceries,3,1,18,High
451,2567,2023-01-19 19:00:00,429.21,Clothing,3,1,19,High
452,4670,2023-01-19 20:00:00,340.53,Clothing,3,1,20,High
453,4283,2023-01-19 21:00:00,238.97,Groceries,3,1,21,Medium
454,1994,2023-01-19 22:00:00,286.78,Health,3,1,22,Medium
455,1059,2023-01-19 23:00:00,87.22,Clothing,3,1,23,Low
456,2278,2023-01-20 00:00:00,265.86,Electronics,4,1,0,Medium
457,4191,2023-01-20 01:00:00,393.02,Groceries,4,1,1,High
458,2283,2023-01-20 02:00:00,59.94,Clothing,4,1,2,Low
459,2960,2023-01-20 03:00:00,82.48,Electronics,4,1,3,Low
460,2184,2023-01-20 04:00:00,264.23,Groceries,4,1,4,Medium
461,2301,2023-01-20 05:00:00,426.66,Clothing,4,1,5,High
462,1102,2023-01-20 06:00:00,280.2,Groceries,4,1,6,Medium
463,1658,2023-01-20 07:00:00,34.04,Electronics,4,1,7,Low
464,2217,2023-01-20 08:00:00,219.25,Groceries,4,1,8,Medium
465,2881,2023-01-20 09:00:00,293.42,Health,4,1,9,Medium
466,2407,2023-01-20 10:00:00,487.78,Health,4,1,10,High
467,2931,2023-01-20 11:00:00,126.54,Groceries,4,1,11,Medium
468,1464,2023-01-20 12:00:00,15.82,Clothing,4,1,12,Low
469,4291,2023-01-20 13:00:00,150.37,Groceries,4,1,13,Medium
470,3189,2023-01-20 14:00:00,53.07,Electronics,4,1,14,Low
471,1833,2023-01-20 15:00:00,384.42,Clothing,4,1,15,High
472,3190,2023-01-20 16:00:00,442.18,Electronics,4,1,16,High
473,2737,2023-01-20 17:00:00,457.12,Health,4,1,17,High
474,1508,2023-01-20 18:00:00,111.86,Groceries,4,1,18,Medium
475,1166,2023-01-20 19:00:00,54.32,Clothing,4,1,19,Low
476,3541,2023-01-20 20:00:00,335.17,Clothing,4,1,20,High
477,2373,2023-01-20 21:00:00,70.62,Groceries,4,1,21,Low
478,1186,2023-01-20 22:00:00,329.41,Clothing,4,1,22,High
479,3434,2023-01-20 23:00:00,87.73,Electronics,4,1,23,Low
480,4145,2023-01-21 00:00:00,380.84,Health,5,1,0,High
481,4048,2023-01-21 01:00:00,159.53,Electronics,5,1,1,Medium
482,2021,2023-01-21 02:00:00,221.43,Electronics,5,1,2,Medium
483,2796,2023-01-21 03:00:00,211.96,Electronics,5,1,3,Medium
484,1671,2023-01-21 04:00:00,287.7,Health,5,1,4,Medium
485,3153,2023-01-21 05:00:00,130.53,Electronics,5,1,5,Medium
486,3456,2023-01-21 06:00:00,244.91,Electronics,5,1,6,Medium
487,1006,2023-01-21 07:00:00,48.39,Electronics,5,1,7,Low
488,1732,2023-01-21 08:00:00,405.37,Health,5,1,8,High
489,1940,2023-01-21 09:00:00,494.66,Health,5,1,9,High
490,2321,2023-01-21 10:00:00,37.21,Electronics,5,1,10,Low
491,2661,2023-01-21 11:00:00,13.72,Electronics,5,1,11,Low
492,4931,2023-01-21 12:00:00,372.66,Groceries,5,1,12,High
493,3327,2023-01-21 13:00:00,336.34,Health,5,1,13,High
494,1122,2023-01-21 14:00:00,209.04,Groceries,5,1,14,Medium
495,1197,2023-01-21 15:00:00,333.73,Health,5,1,15,High
496,1723,2023-01-21 16:00:00,9.68,Health,5,1,16,Low
497,4835,2023-01-21 17:00:00,5.36,Electronics,5,1,17,Low
498,1966,2023-01-21 18:00:00,213.91,Health,5,1,18,Medium
499,3070,2023-01-21 19:00:00,6.37,Electronics,5,1,19,Low
500,3749,2023-01-21 20:00:00,262.55,Groceries,5,1,20,Medium
501,2256,2023-01-21 21:00:00,30.81,Clothing,5,1,21,Low
502,3109,2023-01-21 22:00:00,222.69,Electronics,5,1,22,Medium
503,3694,2023-01-21 23:00:00,120.85,Clothing,5,1,23,Medium
504,3403,2023-01-22 00:00:00,232.03,Clothing,6,1,0,Medium
505,2719,2023-01-22 01:00:00,476.47,Electronics,6,1,1,High
506,4695,2023-01-22 02:00:00,404.33,Electronics,6,1,2,High
507,3170,2023-01-22 03:00:00,40.31,Clothing,6,1,3,Low
508,4661,2023-01-22 04:00:00,34.96,Health,6,1,4,Low
509,3580,2023-01-22 05:00:00,322.55,Electronics,6,1,5,High
510,4643,2023-01-22 06:00:00,94.59,Health,6,1,6,Low
511,2787,2023-01-22 07:00:00,342.32,Groceries,6,1,7,High
512,2302,2023-01-22 08:00:00,45.9,Electronics,6,1,8,Low
513,3473,2023-01-22 09:00:00,107.87,Clothing,6,1,9,Medium
514,2611,2023-01-22 10:00:00,24.36,Groceries,6,1,10,Low
515,4528,2023-01-22 11:00:00,331.09,Groceries,6,1,11,High
516,3228,2023-01-22 12:00:00,435.61,Electronics,6,1,12,High
517,3367,2023-01-22 13:00:00,115.97,Electronics,6,1,13,Medium
518,4344,2023-01-22 14:00:00,230.55,Groceries,6,1,14,Medium
519,3844,2023-01-22 15:00:00,154.67,Health,6,1,15,Medium
520,1813,2023-01-22 16:00:00,430.57,Groceries,6,1,16,High
521,1746,2023-01-22 17:00:00,382.86,Groceries,6,1,17,High
522,4633,2023-01-22 18:00:00,129.55,Electronics,6,1,18,Medium
523,3101,2023-01-22 19:00:00,67.34,Groceries,6,1,19,Low
524,1303,2023-01-22 20:00:00,236.67,Groceries,6,1,20,Medium
525,2264,2023-01-22 21:00:00,461.22,Groceries,6,1,21,High
526,2402,2023-01-22 22:00:00,350.35,Clothing,6,1,22,High
527,3820,2023-01-22 23:00:00,53.28,Health,6,1,23,Low
528,4440,2023-01-23 00:00:00,378.74,Electronics,0,1,0,High
529,3041,2023-01-23 01:00:00,271.96,Electronics,0,1,1,Medium
530,2314,2023-01-23 02:00:00,65.05,Health,0,1,2,Low
531,4783,2023-01-23 03:00:00,101.33,Groceries,0,1,3,Medium
532,2282,2023-01-23 04:00:00,58.97,Health,0,1,4,Low
533,2364,2023-01-23 05:00:00,145.75,Clothing,0,1,5,Medium
534,4603,2023-01-23 06:00:00,212.1,Groceries,0,1,6,Medium
535,1140,2023-01-23 07:00:00,444.37,Clothing,0,1,7,High
536,2434,2023-01-23 08:00:00,471.45,Electronics,0,1,8,High
537,4725,2023-01-23 09:00:00,82.55,Health,0,1,9,Low
538,3384,2023-01-23 10:00:00,55.47,Clothing,0,1,10,Low
539,3877,2023-01-23 11:00:00,205.41,Groceries,0,1,11,Medium
540,1782,2023-01-23 12:00:00,44.0,Clothing,0,1,12,Low
541,1287,2023-01-23 13:00:00,361.6,Clothing,0,1,13,High
542,4797,2023-01-23 14:00:00,310.65,Groceries,0,1,14,High
543,2853,2023-01-23 15:00:00,47.99,Electronics,0,1,15,Low
544,1266,2023-01-23 16:00:00,204.33,Electronics,0,1,16,Medium
545,2868,2023-01-23 17:00:00,36.91,Groceries,0,1,17,Low
546,4206,2023-01-23 18:00:00,200.13,Groceries,0,1,18,Medium
547,1694,2023-01-23 19:00:00,261.85,Health,0,1,19,Medium
548,1043,2023-01-23 20:00:00,446.92,Health,0,1,20,High
549,3355,2023-01-23 21:00:00,459.36,Clothing,0,1,21,High
550,1835,2023-01-23 22:00:00,26.52,Clothing,0,1,22,Low
551,3114,2023-01-23 23:00:00,136.07,Health,0,1,23,Medium
552,1736,2023-01-24 00:00:00,221.09,Clothing,1,1,0,Medium
553,2623,2023-01-24 01:00:00,268.99,Clothing,1,1,1,Medium
554,1735,2023-01-24 02:00:00,232.03,Health,1,1,2,Medium
555,4196,2023-01-24 03:00:00,176.04,Groceries,1,1,3,Medium
556,1265,2023-01-24 04:00:00,116.51,Health,1,1,4,Medium
557,1635,2023-01-24 05:00:00,138.77,Electronics,1,1,5,Medium
558,4637,2023-01-24 06:00:00,364.83,Health,1,1,6,High
559,3920,2023-01-24 07:00:00,177.9,Electronics,1,1,7,Medium
560,3283,2023-01-24 08:00:00,340.69,Groceries,1,1,8,High
561,1053,2023-01-24 09:00:00,276.81,Electronics,1,1,9,Medium
562,3876,2023-01-24 10:00:00,169.58,Groceries,1,1,10,Medium
563,4067,2023-01-24 11:00:00,491.8,Groceries,1,1,11,High
564,4421,2023-01-24 12:00:00,66.23,Clothing,1,1,12,Low
565,2625,2023-01-24 13:00:00,270.75,Electronics,1,1,13,Medium
566,4772,2023-01-24 14:00:00,485.72,Health,1,1,14,High
567,2393,2023-01-24 15:00:00,249.56,Clothing,1,1,15,Medium
568,3799,2023-01-24 16:00:00,420.32,Health,1,1,16,High
569,4682,2023-01-24 17:00:00,64.77,Clothing,1,1,17,Low
570,2107,2023-01-24 18:00:00,15.69,Electronics,1,1,18,Low
571,3493,2023-01-24 19:00:00,81.79,Clothing,1,1,19,Low
572,2923,2023-01-24 20:00:00,300.36,Clothing,1,1,20,High
573,1982,2023-01-24 21:00:00,124.6,Electronics,1,1,21,Medium
574,4223,2023-01-24 22:00:00,301.15,Clothing,1,1,22,High
575,2817,2023-01-24 23:00:00,225.36,Groceries,1,1,23,Medium
576,4690,2023-01-25 00:00:00,303.6,Health,2,1,0,High
577,2230,2023-01-25 01:00:00,149.3,Health,2,1,1,Medium
578,4687,2023-01-25 02:00:00,267.3,Health,2,1,2,Medium
579,2148,2023-01-25 03:00:00,43.75,Clothing,2,1,3,Low
580,4268,2023-01-25 04:00:00,264.15,Electronics,2,1,4,Medium
581,1504,2023-01-25 05:00:00,420.53,Electronics,2,1,5,High
582,1872,2023-01-25 06:00:00,362.8,Groceries,2,1,6,High
583,1052,2023-01-25 07:00:00,488.41,Health,2,1,7,High
584,1000,2023-01-25 08:00:00,365.62,Clothing,2,1,8,High
585,3840,2023-01-25 09:00:00,494.36,Health,2,1,9,High
586,4769,2023-01-25 10:00:00,373.58,Health,2,1,10,High
587,1397,2023-01-25 11:00:00,134.06,Health,2,1,11,Medium
588,2848,2023-01-25 12:00:00,288.61,Clothing,2,1,12,Medium
589,4906,2023-01-25 13:00:00,441.06,Clothing,2,1,13,High
590,3525,2023-01-25 14:00:00,184.76,Groceries,2,1,14,Medium
591,1079,2023-01-25 15:00:00,49.29,Electronics,2,1,15,Low
592,2163,2023-01-25 16:00:00,224.22,Groceries,2,1,16,Medium
593,2335,2023-01-25 17:00:00,132.22,Clothing,2,1,17,Medium
594,1329,2023-01-25 18:00:00,96.34,Clothing,2,1,18,Low
595,4632,2023-01-25 19:00:00,389.04,Clothing,2,1,19,High
596,4230,2023-01-25 20:00:00,224.44,Groceries,2,1,20,Medium
597,1041,2023-01-25 21:00:00,111.31,Clothing,2,1,21,Medium
598,4971,2023-01-25 22:00:00,264.79,Health,2,1,22,Medium
599,3228,2023-01-25 23:00:00,320.88,Groceries,2,1,23,High
600,1193,2023-01-26 00:00:00,65.41,Health,3,1,0,Low
601,1327,2023-01-26 01:00:00,307.52,Clothing,3,1,1,High
602,3864,2023-01-26 02:00:00,35.48,Groceries,3,1,2,Low
603,2460,2023-01-26 03:00:00,203.02,Clothing,3,1,3,Medium
604,4924,2023-01-26 04:00:00,395.73,Health,3,1,4,High
605,2761,2023-01-26 05:00:00,491.86,Clothing,3,1,5,High
606,2336,2023-01-26 06:00:00,14.61,Health,3,1,6,Low
607,3522,2023-01-26 07:00:00,60.71,Groceries,3,1,7,Low
608,1249,2023-01-26 08:00:00,189.87,Clothing,3,1,8,Medium
609,4388,2023-01-26 09:00:00,351.32,Health,3,1,9,High
610,4781,2023-01-26 10:00:00,27.73,Electronics,3,1,10,Low
611,4955,2023-01-26 11:00:00,416.31,Groceries,3,1,11,High
612,3869,2023-01-26 12:00:00,241.56,Health,3,1,12,Medium
613,1457,2023-01-26 13:00:00,43.92,Electronics,3,1,13,Low
614,3856,2023-01-26 14:00:00,336.06,Electronics,3,1,14,High
615,1512,2023-01-26 15:00:00,202.93,Health,3,1,15,Medium
616,1689,2023-01-26 16:00:00,88.97,Electronics,3,1,16,Low
617,3639,2023-01-26 17:00:00,115.11,Groceries,3,1,17,Medium
618,2647,2023-01-26 18:00:00,289.21,Health,3,1,18,Medium
619,3583,2023-01-26 19:00:00,248.21,Groceries,3,1,19,Medium
620,4124,2023-01-26 20:00:00,309.7,Clothing,3,1,20,High
621,4296,2023-01-26 21:00:00,238.67,Electronics,3,1,21,Medium
622,3821,2023-01-26 22:00:00,27.53,Electronics,3,1,22,Low
623,4118,2023-01-26 23:00:00,377.08,Health,3,1,23,High
624,3721,2023-01-27 00:00:00,470.15,Health,4,1,0,High
625,4108,2023-01-27 01:00:00,309.41,Electronics,4,1,1,High
626,2343,2023-01-27 02:00:00,73.19,Electronics,4,1,2,Low
627,1623,2023-01-27 03:00:00,150.78,Groceries,4,1,3,Medium
628,4061,2023-01-27 04:00:00,423.45,Electronics,4,1,4,High
629,2103,2023-01-27 05:00:00,160.19,Health,4,1,5,Medium
630,1679,2023-01-27 06:00:00,458.69,Electronics,4,1,6,High
631,3012,2023-01-27 07:00:00,216.08,Clothing,4,1,7,Medium
632,4894,2023-01-27 08:00:00,214.51,Electronics,4,1,8,Medium
633,1322,2023-01-27 09:00:00,169.59,Health,4,1,9,Medium
634,3097,2023-01-27 10:00:00,398.44,Health,4,1,10,High
635,3282,2023-01-27 11:00:00,29.51,Health,4,1,11,Low
636,2500,2023-01-27 12:00:00,311.64,Health,4,1,12,High
637,3591,2023-01-27 13:00:00,452.96,Groceries,4,1,13,High
638,3762,2023-01-27 14:00:00,178.25,Health,4,1,14,Medium
639,3063,2023-01-27 15:00:00,438.11,Clothing,4,1,15,High
640,4687,2023-01-27 16:00:00,466.39,Electronics,4,1,16,High
641,1186,2023-01-27 17:00:00,215.03,Electronics,4,1,17,Medium
642,1879,2023-01-27 18:00:00,246.12,Health,4,1,18,Medium
643,2591,2023-01-27 19:00:00,285.04,Electronics,4,1,19,Medium
644,2934,2023-01-27 20:00:00,105.07,Electronics,4,1,20,Medium
645,1829,2023-01-27 21:00:00,144.2,Health,4,1,21,Medium
646,1113,2023-01-27 22:00:00,382.97,Clothing,4,1,22,High
647,2703,2023-01-27 23:00:00,357.45,Groceries,4,1,23,High
648,4569,2023-01-28 00:00:00,234.47,Clothing,5,1,0,Medium
649,1066,2023-01-28 01:00:00,88.09,Health,5,1,1,Low
650,4665,2023-01-28 02:00:00,41.31,Clothing,5,1,2,Low
651,1999,2023-01-28 03:00:00,210.02,Electronics,5,1,3,Medium
652,4998,2023-01-28 04:00:00,167.3,Electronics,5,1,4,Medium
653,1437,2023-01-28 05:00:00,437.02,Electronics,5,1,5,High
654,3290,2023-01-28 06:00:00,200.06,Health,5,1,6,Medium
655,2406,2023-01-28 07:00:00,366.94,Clothing,5,1,7,High
656,2731,2023-01-28 08:00:00,132.63,Clothing,5,1,8,Medium
657,2648,2023-01-28 09:00:00,103.39,Groceries,5,1,9,Medium
658,1858,2023-01-28 10:00:00,255.18,Health,5,1,10,Medium
659,2168,2023-01-28 11:00:00,275.15,Electronics,5,1,11,Medium
660,4084,2023-01-28 12:00:00,51.61,Health,5,1,12,Low
661,3722,2023-01-28 13:00:00,9.78,Clothing,5,1,13,Low
662,1114,2023-01-28 14:00:00,321.55,Electronics,5,1,14,High
663,2307,2023-01-28 15:00:00,94.73,Electronics,5,1,15,Low
664,3446,2023-01-28 16:00:00,223.03,Health,5,1,16,Medium
665,1641,2023-01-28 17:00:00,472.02,Health,5,1,17,High
666,1628,2023-01-28 18:00:00,364.32,Groceries,5,1,18,High
667,1850,2023-01-28 19:00:00,44.46,Electronics,5,1,19,Low
668,1008,2023-01-28 20:00:00,245.49,Electronics,5,1,20,Medium
669,2410,2023-01-28 21:00:00,415.18,Health,5,1,21,High
670,2407,2023-01-28 22:00:00,215.78,Electronics,5,1,22,Medium
671,1489,2023-01-28 23:00:00,419.09,Groceries,5,1,23,High
672,4296,2023-01-29 00:00:00,437.36,Electronics,6,1,0,High
673,4075,2023-01-29 01:00:00,67.13,Clothing,6,1,1,Low
674,2619,2023-01-29 02:00:00,286.97,Clothing,6,1,2,Medium
675,4400,2023-01-29 03:00:00,240.14,Electronics,6,1,3,Medium
676,4677,2023-01-29 04:00:00,212.57,Health,6,1,4,Medium
677,1253,2023-01-29 05:00:00,200.66,Clothing,6,1,5,Medium
678,4588,2023-01-29 06:00:00,436.81,Health,6,1,6,High
679,4184,2023-01-29 07:00:00,385.05,Health,6,1,7,High
680,4897,2023-01-29 08:00:00,480.03,Clothing,6,1,8,High
681,3585,2023-01-29 09:00:00,130.46,Clothing,6,1,9,Medium
682,2474,2023-01-29 10:00:00,472.41,Clothing,6,1,10,High
683,1326,2023-01-29 11:00:00,487.36,Groceries,6,1,11,High
684,3168,2023-01-29 12:00:00,204.57,Electronics,6,1,12,Medium
685,2782,2023-01-29 13:00:00,172.2,Electronics,6,1,13,Medium
686,1109,2023-01-29 14:00:00,415.37,Groceries,6,1,14,High
687,2978,2023-01-29 15:00:00,424.94,Electronics,6,1,15,High
688,1323,2023-01-29 16:00:00,258.85,Health,6,1,16,Medium
689,3920,2023-01-29 17:00:00,128.92,Health,6,1,17,Medium
690,4821,2023-01-29 18:00:00,421.47,Health,6,1,18,High
691,2167,2023-01-29 19:00:00,67.98,Clothing,6,1,19,Low
692,3501,2023-01-29 20:00:00,388.46,Clothing,6,1,20,High
693,2558,2023-01-29 21:00:00,495.92,Health,6,1,21,High
694,2942,2023-01-29 22:00:00,247.87,Electronics,6,1,22,Medium
695,1605,2023-01-29 23:00:00,95.88,Electronics,6,1,23,Low
696,1063,2023-01-30 00:00:00,8.54,Clothing,0,1,0,Low
697,3230,2023-01-30 01:00:00,238.33,Groceries,0,1,1,Medium
698,4247,2023-01-30 02:00:00,188.37,Groceries,0,1,2,Medium
699,1614,2023-01-30 03:00:00,393.34,Electronics,0,1,3,High
700,4666,2023-01-30 04:00:00,235.57,Clothing,0,1,4,Medium
701,2543,2023-01-30 05:00:00,360.79,Health,0,1,5,High
702,2110,2023-01-30 06:00:00,460.6,Groceries,0,1,6,High
703,2747,2023-01-30 07:00:00,445.38,Health,0,1,7,High
704,2907,2023-01-30 08:00:00,389.53,Clothing,0,1,8,High
705,4269,2023-01-30 09:00:00,482.84,Groceries,0,1,9,High
706,1083,2023-01-30 10:00:00,411.45,Health,0,1,10,High
707,1451,2023-01-30 11:00:00,206.97,Electronics,0,1,11,Medium
708,2694,2023-01-30 12:00:00,111.26,Electronics,0,1,12,Medium
709,3514,2023-01-30 13:00:00,382.96,Groceries,0,1,13,High
710,3922,2023-01-30 14:00:00,436.27,Health,0,1,14,High
711,3620,2023-01-30 15:00:00,420.67,Health,0,1,15,High
712,4455,2023-01-30 16:00:00,415.46,Electronics,0,1,16,High
713,3512,2023-01-30 17:00:00,185.72,Clothing,0,1,17,Medium
714,3844,2023-01-30 18:00:00,134.51,Electronics,0,1,18,Medium
715,1068,2023-01-30 19:00:00,386.76,Groceries,0,1,19,High
716,2311,2023-01-30 20:00:00,343.5,Clothing,0,1,20,High
717,4053,2023-01-30 21:00:00,272.42,Clothing,0,1,21,Medium
718,3541,2023-01-30 22:00:00,407.15,Clothing,0,1,22,High
719,3353,2023-01-30 23:00:00,382.07,Groceries,0,1,23,High
720,2478,2023-01-31 00:00:00,180.46,Electronics,1,1,0,Medium
721,4134,2023-01-31 01:00:00,446.91,Clothing,1,1,1,High
722,3672,2023-01-31 02:00:00,57.46,Clothing,1,1,2,Low
723,1658,2023-01-31 03:00:00,366.47,Clothing,1,1,3,High
724,4158,2023-01-31 04:00:00,298.81,Health,1,1,4,Medium
725,3704,2023-01-31 05:00:00,391.71,Electronics,1,1,5,High
726,2169,2023-01-31 06:00:00,104.02,Clothing,1,1,6,Medium
727,4790,2023-01-31 07:00:00,250.57,Health,1,1,7,Medium
728,3448,2023-01-31 08:00:00,38.33,Clothing,1,1,8,Low
729,4734,2023-01-31 09:00:00,384.99,Health,1,1,9,High
730,3664,2023-01-31 10:00:00,358.32,Clothing,1,1,10,High
731,2253,2023-01-31 11:00:00,120.42,Health,1,1,11,Medium
732,2716,2023-01-31 12:00:00,209.84,Clothing,1,1,12,Medium
733,4410,2023-01-31 13:00:00,185.14,Health,1,1,13,Medium
734,4100,2023-01-31 14:00:00,487.6,Health,1,1,14,High
735,3603,2023-01-31 15:00:00,150.82,Clothing,1,1,15,Medium
736,1384,2023-01-31 16:00:00,348.78,Electronics,1,1,16,High
737,3611,2023-01-31 17:00:00,272.47,Electronics,1,1,17,Medium
738,3448,2023-01-31 18:00:00,193.13,Health,1,1,18,Medium
739,4577,2023-01-31 19:00:00,360.76,Electronics,1,1,19,High
740,3111,2023-01-31 20:00:00,83.07,Health,1,1,20,Low
741,1660,2023-01-31 21:00:00,246.29,Clothing,1,1,21,Medium
742,1033,2023-01-31 22:00:00,114.21,Health,1,1,22,Medium
743,3205,2023-01-31 23:00:00,324.69,Clothing,1,1,23,High
744,3351,2023-02-01 00:00:00,153.8,Clothing,2,2,0,Medium
745,2806,2023-02-01 01:00:00,152.02,Groceries,2,2,1,Medium
746,4932,2023-02-01 02:00:00,12.71,Groceries,2,2,2,Low
747,3329,2023-02-01 03:00:00,327.11,Clothing,2,2,3,High
748,1962,2023-02-01 04:00:00,469.8,Groceries,2,2,4,High
749,3047,2023-02-01 05:00:00,325.44,Groceries,2,2,5,High
750,2024,2023-02-01 06:00:00,335.46,Electronics,2,2,6,High
751,1492,2023-02-01 07:00:00,77.16,Health,2,2,7,Low
752,2439,2023-02-01 08:00:00,178.52,Electronics,2,2,8,Medium
753,1768,2023-02-01 09:00:00,487.31,Clothing,2,2,9,High
754,2786,2023-02-01 10:00:00,174.58,Groceries,2,2,10,Medium
755,4130,2023-02-01 11:00:00,335.59,Groceries,2,2,11,High
756,2230,2023-02-01 12:00:00,166.29,Electronics,2,2,12,Medium
757,2825,2023-02-01 13:00:00,219.58,Clothing,2,2,13,Medium
758,2353,2023-02-01 14:00:00,20.81,Groceries,2,2,14,Low
759,3735,2023-02-01 15:00:00,170.03,Electronics,2,2,15,Medium
760,1584,2023-02-01 16:00:00,289.98,Groceries,2,2,16,Medium
761,1107,2023-02-01 17:00:00,350.35,Electronics,2,2,17,High
762,1955,2023-02-01 18:00:00,393.78,Clothing,2,2,18,High
763,1894,2023-02-01 19:00:00,253.4,Clothing,2,2,19,Medium
764,1542,2023-02-01 20:00:00,499.63,Groceries,2,2,20,High
765,4720,2023-02-01 21:00:00,371.63,Electronics,2,2,21,High
766,4011,2023-02-01 22:00:00,113.61,Electronics,2,2,22,Medium
767,4712,2023-02-01 23:00:00,58.25,Electronics,2,2,23,Low
768,3647,2023-02-02 00:00:00,359.56,Electronics,3,2,0,High
769,2387,2023-02-02 01:00:00,448.05,Electronics,3,2,1,High
770,2492,2023-02-02 02:00:00,92.14,Electronics,3,2,2,Low
771,1175,2023-02-02 03:00:00,387.12,Groceries,3,2,3,High
772,1386,2023-02-02 04:00:00,127.33,Clothing,3,2,4,Medium
773,4494,2023-02-02 05:00:00,173.85,Clothing,3,2,5,Medium
774,2022,2023-02-02 06:00:00,106.52,Electronics,3,2,6,Medium
775,1872,2023-02-02 07:00:00,357.32,Groceries,3,2,7,High
776,2932,2023-02-02 08:00:00,433.31,Health,3,2,8,High
777,3350,2023-02-02 09:00:00,218.95,Groceries,3,2,9,Medium
778,2793,2023-02-02 10:00:00,136.25,Groceries,3,2,10,Medium
779,1510,2023-02-02 11:00:00,129.23,Health,3,2,11,Medium
780,2197,2023-02-02 12:00:00,20.31,Electronics,3,2,12,Low
781,4288,2023-02-02 13:00:00,368.74,Groceries,3,2,13,High
782,4294,2023-02-02 14:00:00,261.04,Health,3,2,14,Medium
783,3777,2023-02-02 15:00:00,407.06,Electronics,3,2,15,High
784,1829,2023-02-02 16:00:00,267.42,Clothing,3,2,16,Medium
785,2440,2023-02-02 17:00:00,422.59,Electronics,3,2,17,High
786,4502,2023-02-02 18:00:00,314.13,Groceries,3,2,18,High
787,2322,2023-02-02 19:00:00,121.86,Groceries,3,2,19,Medium
788,1377,2023-02-02 20:00:00,273.3,Clothing,3,2,20,Medium
789,4413,2023-02-02 21:00:00,240.84,Health,3,2,21,Medium
790,2429,2023-02-02 22:00:00,176.7,Health,3,2,22,Medium
791,2830,2023-02-02 23:00:00,121.55,Health,3,2,23,Medium
792,2274,2023-02-03 00:00:00,488.22,Health,4,2,0,High
793,2401,2023-02-03 01:00:00,482.85,Electronics,4,2,1,High
794,2819,2023-02-03 02:00:00,163.75,Clothing,4,2,2,Medium
795,3998,2023-02-03 03:00:00,58.38,Electronics,4,2,3,Low
796,2683,2023-02-03 04:00:00,58.38,Health,4,2,4,Low
797,1087,2023-02-03 05:00:00,111.7,Clothing,4,2,5,Medium
798,2791,2023-02-03 06:00:00,147.01,Groceries,4,2,6,Medium
799,1118,2023-02-03 07:00:00,272.42,Health,4,2,7,Medium
800,3233,2023-02-03 08:00:00,297.55,Clothing,4,2,8,Medium
801,2125,2023-02-03 09:00:00,144.44,Clothing,4,2,9,Medium
802,3143,2023-02-03 10:00:00,310.88,Clothing,4,2,10,High
803,4189,2023-02-03 11:00:00,115.13,Groceries,4,2,11,Medium
804,1967,2023-02-03 12:00:00,253.94,Groceries,4,2,12,Medium
805,4688,2023-02-03 13:00:00,49.84,Electronics,4,2,13,Low
806,3702,2023-02-03 14:00:00,103.95,Electronics,4,2,14,Medium
807,1999,2023-02-03 15:00:00,405.36,Health,4,2,15,High
808,3679,2023-02-03 16:00:00,134.18,Clothing,4,2,16,Medium
809,1818,2023-02-03 17:00:00,365.92,Groceries,4,2,17,High
810,2221,2023-02-03 18:00:00,255.65,Groceries,4,2,18,Medium
811,2989,2023-02-03 19:00:00,430.99,Electronics,4,2,19,High
812,4155,2023-02-03 20:00:00,284.62,Electronics,4,2,20,Medium
813,2281,2023-02-03 21:00:00,297.83,Groceries,4,2,21,Medium
814,4050,2023-02-03 22:00:00,24.49,Electronics,4,2,22,Low
815,2357,2023-02-03 23:00:00,386.77,Health,4,2,23,High
816,1040,2023-02-04 00:00:00,331.19,Groceries,5,2,0,High
817,2498,2023-02-04 01:00:00,211.94,Clothing,5,2,1,Medium
818,4490,2023-02-04 02:00:00,402.2,Groceries,5,2,2,High
819,4678,2023-02-04 03:00:00,431.67,Groceries,5,2,3,High
820,4700,2023-02-04 04:00:00,356.69,Electronics,5,2,4,High
821,2348,2023-02-04 05:00:00,417.04,Groceries,5,2,5,High
822,3633,2023-02-04 06:00:00,125.42,Health,5,2,6,Medium
823,3918,2023-02-04 07:00:00,74.22,Clothing,5,2,7,Low
824,3967,2023-02-04 08:00:00,172.92,Groceries,5,2,8,Medium
825,4059,2023-02-04 09:00:00,305.96,Health,5,2,9,High
826,3522,2023-02-04 10:00:00,233.7,Clothing,5,2,10,Medium
827,4244,2023-02-04 11:00:00,61.95,Clothing,5,2,11,Low
828,3378,2023-02-04 12:00:00,421.89,Health,5,2,12,High
829,2069,2023-02-04 13:00:00,5.59,Electronics,5,2,13,Low
830,4467,2023-02-04 14:00:00,188.11,Clothing,5,2,14,Medium
831,4078,2023-02-04 15:00:00,169.87,Clothing,5,2,15,Medium
832,3602,2023-02-04 16:00:00,295.6,Clothing,5,2,16,Medium
833,2936,2023-02-04 17:00:00,408.45,Groceries,5,2,17,High
834,3945,2023-02-04 18:00:00,23.33,Clothing,5,2,18,Low
835,2887,2023-02-04 19:00:00,300.05,Health,5,2,19,High
836,1480,2023-02-04 20:00:00,328.16,Groceries,5,2,20,High
837,3498,2023-02-04 21:00:00,397.04,Health,5,2,21,High
838,2822,2023-02-04 22:00:00,195.6,Health,5,2,22,Medium
839,2966,2023-02-04 23:00:00,141.15,Groceries,5,2,23,Medium
840,3806,2023-02-05 00:00:00,416.8,Clothing,6,2,0,High
841,2563,2023-02-05 01:00:00,180.02,Clothing,6,2,1,Medium
842,4771,2023-02-05 02:00:00,409.17,Groceries,6,2,2,High
843,3861,2023-02-05 03:00:00,286.66,Electronics,6,2,3,Medium
844,4582,2023-02-05 04:00:00,267.74,Health,6,2,4,Medium
845,1632,2023-02-05 05:00:00,11.68,Groceries,6,2,5,Low
846,1213,2023-02-05 06:00:00,318.92,Clothing,6,2,6,High
847,4361,2023-02-05 07:00:00,345.22,Health,6,2,7,High
848,4217,2023-02-05 08:00:00,145.7,Clothing,6,2,8,Medium
849,3267,2023-02-05 09:00:00,170.35,Clothing,6,2,9,Medium
850,2511,2023-02-05 10:00:00,474.17,Groceries,6,2,10,High
851,1274,2023-02-05 11:00:00,267.96,Electronics,6,2,11,Medium
852,2014,2023-02-05 12:00:00,128.74,Groceries,6,2,12,Medium
853,2624,2023-02-05 13:00:00,427.78,Groceries,6,2,13,High
854,2960,2023-02-05 14:00:00,36.44,Electronics,6,2,14,Low
855,2974,2023-02-05 15:00:00,163.11,Health,6,2,15,Medium
856,4698,2023-02-05 16:00:00,495.98,Health,6,2,16,High
857,3654,2023-02-05 17:00:00,300.19,Clothing,6,2,17,High
858,2150,2023-02-05 18:00:00,26.65,Groceries,6,2,18,Low
859,1899,2023-02-05 19:00:00,199.66,Electronics,6,2,19,Medium
860,2814,2023-02-05 20:00:00,190.53,Health,6,2,20,Medium
861,3965,2023-02-05 21:00:00,456.67,Clothing,6,2,21,High
862,3181,2023-02-05 22:00:00,36.0,Electronics,6,2,22,Low
863,4135,2023-02-05 23:00:00,290.44,Electronics,6,2,23,Medium
864,2184,2023-02-06 00:00:00,302.98,Groceries,0,2,0,High
865,3365,2023-02-06 01:00:00,24.86,Electronics,0,2,1,Low
866,1299,2023-02-06 02:00:00,422.46,Electronics,0,2,2,High
867,2220,2023-02-06 03:00:00,499.1,Health,0,2,3,High
868,4040,2023-02-06 04:00:00,409.27,Health,0,2,4,High
869,3599,2023-02-06 05:00:00,310.26,Groceries,0,2,5,High
870,2043,2023-02-06 06:00:00,398.4,Clothing,0,2,6,High
871,4617,2023-02-06 07:00:00,11.78,Health,0,2,7,Low
872,2567,2023-02-06 08:00:00,338.5,Clothing,0,2,8,High
873,1253,2023-02-06 09:00:00,320.16,Health,0,2,9,High
874,4176,2023-02-06 10:00:00,388.2,Electronics,0,2,10,High
875,1283,2023-02-06 11:00:00,396.56,Electronics,0,2,11,High
876,2491,2023-02-06 12:00:00,447.47,Health,0,2,12,High
877,3720,2023-02-06 13:00:00,218.01,Health,0,2,13,Medium
878,1935,2023-02-06 14:00:00,54.45,Health,0,2,14,Low
879,3196,2023-02-06 15:00:00,85.49,Electronics,0,2,15,Low
880,1455,2023-02-06 16:00:00,88.45,Groceries,0,2,16,Low
881,3545,2023-02-06 17:00:00,180.84,Clothing,0,2,17,Medium
882,1907,2023-02-06 18:00:00,149.64,Clothing,0,2,18,Medium
883,3200,2023-02-06 19:00:00,457.39,Health,0,2,19,High
884,2437,2023-02-06 20:00:00,275.05,Clothing,0,2,20,Medium
885,3897,2023-02-06 21:00:00,174.12,Electronics,0,2,21,Medium
886,4369,2023-02-06 22:00:00,354.14,Groceries,0,2,22,High
887,3103,2023-02-06 23:00:00,316.16,Health,0,2,23,High
888,2629,2023-02-07 00:00:00,367.49,Health,1,2,0,High
889,1230,2023-02-07 01:00:00,294.5,Clothing,1,2,1,Medium
890,1104,2023-02-07 02:00:00,462.61,Groceries,1,2,2,High
891,4121,2023-02-07 03:00:00,177.74,Groceries,1,2,3,Medium
892,2528,2023-02-07 04:00:00,472.99,Electronics,1,2,4,High
893,3718,2023-02-07 05:00:00,198.73,Electronics,1,2,5,Medium
894,2633,2023-02-07 06:00:00,31.51,Health,1,2,6,Low
895,2261,2023-02-07 07:00:00,304.54,Groceries,1,2,7,High
896,4984,2023-02-07 08:00:00,54.7,Groceries,1,2,8,Low
897,4261,2023-02-07 09:00:00,330.84,Health,1,2,9,High
898,4867,2023-02-07 10:00:00,397.33,Clothing,1,2,10,High
899,2768,2023-02-07 11:00:00,461.32,Electronics,1,2,11,High
900,3875,2023-02-07 12:00:00,183.38,Electronics,1,2,12,Medium
901,1643,2023-02-07 13:00:00,171.86,Health,1,2,13,Medium
902,3916,2023-02-07 14:00:00,420.34,Health,1,2,14,High
903,3521,2023-02-07 15:00:00,343.39,Electronics,1,2,15,High
904,4438,2023-02-07 16:00:00,160.84,Electronics,1,2,16,Medium
905,2271,2023-02-07 17:00:00,104.22,Electronics,1,2,17,Medium
906,3361,2023-02-07 18:00:00,311.07,Groceries,1,2,18,High
907,3376,2023-02-07 19:00:00,277.5,Electronics,1,2,19,Medium
908,4703,2023-02-07 20:00:00,205.26,Clothing,1,2,20,Medium
909,2161,2023-02-07 21:00:00,174.93,Clothing,1,2,21,Medium
910,2496,2023-02-07 22:00:00,439.25,Health,1,2,22,High
911,1702,2023-02-07 23:00:00,107.61,Groceries,1,2,23,Medium
912,1621,2023-02-08 00:00:00,356.38,Health,2,2,0,High
913,4027,2023-02-08 01:00:00,258.97,Clothing,2,2,1,Medium
914,2519,2023-02-08 02:00:00,191.16,Clothing,2,2,2,Medium
915,3931,2023-02-08 03:00:00,470.5,Groceries,2,2,3,High
916,4804,2023-02-08 04:00:00,185.69,Electronics,2,2,4,Medium
917,4832,2023-02-08 05:00:00,124.75,Clothing,2,2,5,Medium
918,4378,2023-02-08 06:00:00,62.2,Electronics,2,2,6,Low
919,2376,2023-02-08 07:00:00,205.24,Clothing,2,2,7,Medium
920,1618,2023-02-08 08:00:00,231.5,Clothing,2,2,8,Medium
921,4967,2023-02-08 09:00:00,274.39,Clothing,2,2,9,Medium
922,1678,2023-02-08 10:00:00,433.86,Clothing,2,2,10,High
923,1070,2023-02-08 11:00:00,258.4,Health,2,2,11,Medium
924,3696,2023-02-08 12:00:00,496.36,Electronics,2,2,12,High
925,2158,2023-02-08 13:00:00,78.87,Clothing,2,2,13,Low
926,3832,2023-02-08 14:00:00,229.9,Health,2,2,14,Medium
927,2637,2023-02-08 15:00:00,143.77,Health,2,2,15,Medium
928,1065,2023-02-08 16:00:00,121.87,Clothing,2,2,16,Medium
929,3862,2023-02-08 17:00:00,33.9,Electronics,2,2,17,Low
930,4212,2023-02-08 18:00:00,407.75,Health,2,2,18,High
931,2645,2023-02-08 19:00:00,339.61,Clothing,2,2,19,High
932,4107,2023-02-08 20:00:00,55.78,Electronics,2,2,20,Low
933,4882,2023-02-08 21:00:00,487.39,Electronics,2,2,21,High
934,1418,2023-02-08 22:00:00,292.15,Groceries,2,2,22,Medium
935,3235,2023-02-08 23:00:00,10.72,Health,2,2,23,Low
936,2101,2023-02-09 00:00:00,257.78,Clothing,3,2,0,Medium
937,1036,2023-02-09 01:00:00,303.93,Groceries,3,2,1,High
938,3204,2023-02-09 02:00:00,223.26,Clothing,3,2,2,Medium
939,4892,2023-02-09 03:00:00,90.93,Electronics,3,2,3,Low
940,4810,2023-02-09 04:00:00,478.39,Electronics,3,2,4,High
941,3352,2023-02-09 05:00:00,111.23,Groceries,3,2,5,Medium
942,3628,2023-02-09 06:00:00,68.15,Health,3,2,6,Low
943,2737,2023-02-09 07:00:00,233.39,Electronics,3,2,7,Medium
944,4358,2023-02-09 08:00:00,466.39,Health,3,2,8,High
945,3501,2023-02-09 09:00:00,319.54,Groceries,3,2,9,High
946,3276,2023-02-09 10:00:00,343.37,Clothing,3,2,10,High
947,4269,2023-02-09 11:00:00,314.24,Electronics,3,2,11,High
948,1125,2023-02-09 12:00:00,152.51,Clothing,3,2,12,Medium
949,4341,2023-02-09 13:00:00,338.93,Health,3,2,13,High
950,4634,2023-02-09 14:00:00,439.28,Groceries,3,2,14,High
951,2110,2023-02-09 15:00:00,204.35,Groceries,3,2,15,Medium
952,1610,2023-02-09 16:00:00,201.8,Electronics,3,2,16,Medium
953,3852,2023-02-09 17:00:00,157.39,Electronics,3,2,17,Medium
954,2019,2023-02-09 18:00:00,136.9,Groceries,3,2,18,Medium
955,1346,2023-02-09 19:00:00,319.07,Electronics,3,2,19,High
956,4182,2023-02-09 20:00:00,182.01,Clothing,3,2,20,Medium
957,2144,2023-02-09 21:00:00,252.61,Health,3,2,21,Medium
958,3481,2023-02-09 22:00:00,477.6,Groceries,3,2,22,High
959,4320,2023-02-09 23:00:00,372.33,Clothing,3,2,23,High
960,2731,2023-02-10 00:00:00,240.32,Health,4,2,0,Medium
961,3038,2023-02-10 01:00:00,493.28,Clothing,4,2,1,High
962,3763,2023-02-10 02:00:00,363.97,Clothing,4,2,2,High
963,3951,2023-02-10 03:00:00,274.75,Health,4,2,3,Medium
964,4754,2023-02-10 04:00:00,186.09,Electronics,4,2,4,Medium
965,2236,2023-02-10 05:00:00,30.01,Electronics,4,2,5,Low
966,2943,2023-02-10 06:00:00,12.54,Health,4,2,6,Low
967,4264,2023-02-10 07:00:00,445.93,Clothing,4,2,7,High
968,4037,2023-02-10 08:00:00,233.63,Electronics,4,2,8,Medium
969,4018,2023-02-10 09:00:00,176.98,Electronics,4,2,9,Medium
970,4521,2023-02-10 10:00:00,312.2,Health,4,2,10,High
971,3895,2023-02-10 11:00:00,114.27,Health,4,2,11,Medium
972,1473,2023-02-10 12:00:00,139.92,Clothing,4,2,12,Medium
973,4673,2023-02-10 13:00:00,369.86,Electronics,4,2,13,High
974,2432,2023-02-10 14:00:00,375.56,Electronics,4,2,14,High
975,3673,2023-02-10 15:00:00,458.85,Health,4,2,15,High
976,1154,2023-02-10 16:00:00,265.68,Clothing,4,2,16,Medium
977,2661,2023-02-10 17:00:00,392.14,Groceries,4,2,17,High
978,4648,2023-02-10 18:00:00,226.35,Electronics,4,2,18,Medium
979,2445,2023-02-10 19:00:00,98.64,Electronics,4,2,19,Low
980,3534,2023-02-10 20:00:00,396.02,Health,4,2,20,High
981,2188,2023-02-10 21:00:00,215.84,Electronics,4,2,21,Medium
982,2472,2023-02-10 22:00:00,23.93,Electronics,4,2,22,Low
983,3159,2023-02-10 23:00:00,338.62,Health,4,2,23,High
984,1988,2023-02-11 00:00:00,111.52,Clothing,5,2,0,Medium
985,3788,2023-02-11 01:00:00,368.63,Health,5,2,1,High
986,4066,2023-02-11 02:00:00,291.59,Groceries,5,2,2,Medium
987,3672,2023-02-11 03:00:00,159.83,Clothing,5,2,3,Medium
988,2202,2023-02-11 04:00:00,420.32,Health,5,2,4,High
989,3424,2023-02-11 05:00:00,412.77,Electronics,5,2,5,High
990,3010,2023-02-11 06:00:00,268.86,Groceries,5,2,6,Medium
991,4525,2023-02-11 07:00:00,433.23,Health,5,2,7,High
992,4507,2023-02-11 08:00:00,466.62,Groceries,5,2,8,High
993,1900,2023-02-11 09:00:00,84.29,Health,5,2,9,Low
994,1370,2023-02-11 10:00:00,36.82,Electronics,5,2,10,Low
995,4833,2023-02-11 11:00:00,10.12,Groceries,5,2,11,Low
996,1310,2023-02-11 12:00:00,297.57,Groceries,5,2,12,Medium
997,2571,2023-02-11 13:00:00,152.66,Clothing,5,2,13,Medium
998,2287,2023-02-11 14:00:00,282.39,Groceries,5,2,14,Medium
999,3306,2023-02-11 15:00:00,405.25,Electronics,5,2,15,High
